City_ID,City,Lat,Lng,Max Temp,Humidity,Cloudiness,Wind Speed,Country,Date
0,grytviken,-54.2811,-36.5092,2.19,98,100,3.12,GS,1686167174
1,punta arenas,-53.15,-70.9167,4.06,75,20,6.69,CL,1686167174
2,axum,14.1245,38.7244,17.59,69,100,3.1,ET,1686167174
3,rio guayabal de yateras,20.3667,-75.0167,28.82,64,58,2.39,CU,1686167174
4,arkhangel'sk,64.5401,40.5433,2.69,77,4,1.52,RU,1686167091
5,edinburgh of the seven seas,-37.0676,-12.3116,15.11,83,13,12.22,SH,1686167174
6,puerto natales,-51.7236,-72.4875,4.25,75,75,5.14,CL,1686167174
7,bathsheba,13.2167,-59.5167,31.34,70,20,6.17,BB,1686167175
8,ilulissat,69.2167,-51.1,-0.99,80,75,4.12,GL,1686167175
9,talnakh,69.4865,88.3972,8.45,97,100,4.49,RU,1686167175
10,puerto ayora,-0.7393,-90.3518,29.98,89,98,4.02,EC,1686167175
11,mogoytuy,51.2833,114.9167,6.46,68,2,3.44,RU,1686167176
12,port-aux-francais,-49.35,70.2167,2.8,86,100,9.05,TF,1686167176
13,bilibino,68.0546,166.4372,11.99,42,15,1.83,RU,1686167176
14,waitangi,-43.9535,-176.5597,10.46,89,100,2.01,NZ,1686167176
15,west island,-12.1568,96.8225,25.99,78,100,10.8,CC,1686167176
16,papatowai,-46.5619,169.4708,4.45,92,57,1.88,NZ,1686167176
17,lavrio,37.7145,24.0565,25.54,69,77,3.58,GR,1686167176
18,port mathurin,-19.6833,63.4167,24.95,64,3,8.29,MU,1686167177
19,vorkuta,67.5,64.0,3.63,76,82,3.78,RU,1686167177
20,lima,-12.0432,-77.0282,24.14,65,40,5.66,PE,1686166630
21,alofi,-19.0595,-169.9187,23.94,83,100,2.57,NU,1686167177
22,ushuaia,-54.8,-68.3,4.79,75,40,2.57,AR,1686167177
23,haiku-pauwela,20.9219,-156.3051,26.01,54,20,3.09,US,1686167177
24,albany,42.6001,-73.9662,18.13,54,100,4.42,US,1686167158
25,thompson,55.7435,-97.8558,27.09,61,75,1.03,CA,1686167178
26,butterworth,5.3991,100.3638,29.02,82,20,1.54,MY,1686167178
27,olonkinbyen,70.9221,-8.7187,1.66,78,94,4.08,SJ,1686167178
28,ambalangoda,6.2355,80.0538,26.97,85,90,4.86,LK,1686167178
29,yuzhno-kurilsk,44.0306,145.8556,11.1,100,100,2.79,RU,1686167178
30,vadso,70.0744,29.7487,6.49,75,0,3.6,NO,1686167178
31,aasiaat,68.7098,-52.8699,-0.45,78,100,5.29,GL,1686167179
32,la palma,33.8464,-118.0467,23.23,66,75,4.63,US,1686167136
33,udachny,66.4167,112.4,8.03,65,95,1.47,RU,1686167179
34,veraval,20.9,70.3667,28.87,77,55,4.45,IN,1686167179
35,shalqar,47.8333,59.6,20.41,41,39,7.19,KZ,1686167179
36,dalandzadgad,43.5708,104.425,16.41,31,0,1.37,MN,1686167179
37,jamestown,42.097,-79.2353,20.29,34,75,6.17,US,1686167035
38,hilo,19.7297,-155.09,26.12,75,100,3.13,US,1686166709
39,muynoq,43.7683,59.0214,25.38,50,3,2.72,UZ,1686167180
40,longyearbyen,78.2186,15.6401,3.91,65,0,3.09,SJ,1686167108
41,hualien city,23.9769,121.6044,26.49,88,77,2.93,TW,1686167180
42,port saint john's,-31.6229,29.5448,21.96,44,0,2.82,ZA,1686167180
43,ta`u,-14.2336,-169.5144,26.8,81,95,8.09,AS,1686167180
44,fale old settlement,-9.3852,-171.2468,28.6,68,7,3.35,TK,1686167180
45,lebu,-37.6167,-73.65,14.07,66,100,4.9,CL,1686167180
46,general villegas,-35.0328,-63.0125,20.54,51,74,3.61,AR,1686166966
47,hobyo,5.3505,48.5268,27.01,81,97,11.48,SO,1686167181
48,ramon castilla,-4.2569,-69.9594,25.14,88,75,2.06,PE,1686167181
49,gaalkacyo,6.7697,47.4308,27.3,59,100,9.13,SO,1686167181
50,isafjordur,66.0755,-23.124,8.14,78,100,8.04,IS,1686167181
51,carlow,52.8408,-6.9261,14.4,81,94,1.81,IE,1686167181
52,afaahiti,-17.75,-149.2833,26.93,73,55,8.35,PF,1686167181
53,peniche,39.3558,-9.3811,21.73,83,0,7.44,PT,1686167181
54,viqueque,-8.8673,126.3658,24.0,90,59,2.08,TL,1686167182
55,merizo village,13.2658,144.6691,27.31,96,100,5.5,GU,1686167182
56,kingscliff,-28.2667,153.5667,14.31,94,100,0.51,AU,1686167182
57,pangody,65.85,74.4859,10.48,76,97,4.74,RU,1686167182
58,wailua homesteads,22.0669,-159.378,26.44,77,20,4.12,US,1686167182
59,san sebastian de la gomera,28.0916,-17.1133,23.2,73,0,6.17,ES,1686167182
60,pisco,-13.7,-76.2167,22.23,68,100,2.57,PE,1686167078
61,constantia,44.1833,28.65,14.38,73,100,3.72,RO,1686167183
62,mugia,43.1041,-9.2179,20.09,91,100,3.86,ES,1686167183
63,iskateley,67.6803,53.1512,3.11,68,100,3.96,RU,1686167183
64,nemuro,43.3236,145.575,10.73,97,13,4.64,JP,1686167183
65,geraldton,-28.7667,114.6,11.23,87,75,4.63,AU,1686167183
66,iqaluit,63.7506,-68.5145,2.85,86,100,1.54,CA,1686167183
67,qaqortoq,60.7167,-46.0333,4.03,78,19,1.41,GL,1686167183
68,tubbergen,52.4,6.7667,14.92,52,42,4.97,NL,1686167184
69,cannonvale,-20.2833,148.7,20.66,75,94,3.41,AU,1686167184
70,dame-marie,18.5667,-74.4167,30.0,68,99,1.11,HT,1686167184
71,colonia,50.9333,6.95,20.46,80,0,0.51,DE,1686167057
72,blackmans bay,-43.0167,147.3167,13.62,91,100,3.01,AU,1686167184
73,saipan,15.1355,145.701,27.39,100,75,4.63,MP,1686167184
74,hasaki,35.7333,140.8333,19.01,71,100,2.32,JP,1686167184
75,la passe,45.5549,-0.8967,27.13,60,100,2.77,FR,1686167185
76,cloverdale,38.8055,-123.0172,18.19,77,100,3.13,US,1686167185
77,talara,-4.5772,-81.2719,29.42,65,75,5.14,PE,1686167185
78,lesozavodsk,45.4794,133.4244,14.84,77,100,2.96,RU,1686167185
79,college,64.8569,-147.8028,21.44,48,75,2.57,US,1686167064
80,tromso,69.6496,18.957,7.01,61,75,4.63,NO,1686167185
81,antsohihy,-14.8796,47.9875,23.41,66,0,3.33,MG,1686167185
82,adamstown,-25.066,-130.1015,21.9,71,7,6.39,PN,1686167186
83,niebull,54.7866,8.8285,12.98,85,2,2.83,DE,1686167186
84,sitka,57.0531,-135.33,13.94,72,75,2.57,US,1686167100
85,hithadhoo,-0.6,73.0833,28.15,68,28,1.14,MV,1686167186
86,saint-philippe,-21.3585,55.7679,21.77,85,47,4.91,RE,1686167186
87,port shepstone,-30.7414,30.455,22.56,41,0,3.44,ZA,1686167186
88,tiksi,71.6872,128.8694,2.31,86,91,1.63,RU,1686167186
89,selfoss,63.9331,-20.9971,8.36,73,90,5.49,IS,1686167187
90,vila franca do campo,37.7167,-25.4333,19.23,79,47,8.26,PT,1686167187
91,kanpur,26.4667,80.35,33.88,21,33,1.64,IN,1686166887
92,invercargill,-46.4,168.35,4.47,92,88,2.53,NZ,1686167188
93,yellowknife,62.456,-114.3525,10.29,87,100,2.57,CA,1686167175
94,ouadda,8.0777,22.4007,20.56,96,100,2.73,CF,1686167188
95,dudinka,69.4058,86.1778,8.68,95,72,3.83,RU,1686167190
96,pacific grove,36.6177,-121.9166,17.97,79,100,3.13,US,1686167190
97,okotoks,50.7289,-113.9828,28.5,37,30,0.89,CA,1686167190
98,fuglafjordur,62.244,-6.814,9.26,86,100,3.78,FO,1686167190
99,kerman,30.2832,57.0788,22.92,35,75,0.0,IR,1686167190
100,halifax,44.6453,-63.5724,14.27,89,66,5.14,CA,1686166613
101,port elizabeth,-33.918,25.5701,14.62,89,20,5.66,ZA,1686167190
102,kodiak,57.79,-152.4072,8.73,87,100,4.63,US,1686167191
103,coreau,-3.5333,-40.6567,27.68,73,94,0.86,BR,1686167025
104,shahr-e babak,30.1165,55.1186,24.82,29,58,4.65,IR,1686167191
105,lerwick,60.1545,-1.1494,11.0,84,100,3.67,GB,1686166964
106,peterhead,57.5058,-1.7981,12.22,76,5,2.5,GB,1686167191
107,magadan,59.5667,150.8,7.69,70,13,0.54,RU,1686167191
108,kargasok,59.0556,80.8572,17.35,79,95,3.6,RU,1686167191
109,avarua,-21.2078,-159.775,24.03,73,75,2.57,CK,1686167191
110,ust-nera,64.5667,143.2,7.09,96,100,0.09,RU,1686167192
111,turbat,26.0023,63.044,32.21,56,4,3.77,PK,1686167192
112,whitehorse,60.7161,-135.0538,14.43,50,20,5.14,CA,1686166991
113,vega de alatorre,20.0333,-96.6333,31.02,66,14,6.03,MX,1686167192
114,mar del plata,-38.0023,-57.5575,17.01,71,0,3.6,AR,1686167192
115,scottburgh,-30.2867,30.7532,21.37,36,0,3.77,ZA,1686167192
116,fort st. john,56.2499,-120.8529,18.94,34,40,3.09,CA,1686167192
117,gokwe,-18.2048,28.9349,15.02,39,0,0.88,ZW,1686167192
118,broken hill,-31.95,141.4333,10.28,60,4,5.61,AU,1686167193
119,sines,37.9562,-8.8698,20.16,90,9,6.22,PT,1686167193
120,bredasdorp,-34.5322,20.0403,12.59,82,100,2.09,ZA,1686167193
121,weno,7.4515,151.8468,25.97,100,100,2.06,FM,1686167193
122,prince rupert,54.3161,-130.3201,17.05,69,0,6.69,CA,1686166907
123,klyuchi,52.2667,79.1667,23.19,39,100,3.18,RU,1686167193
124,stanley,54.868,-1.6985,10.77,77,75,3.09,GB,1686167193
125,chos malal,-37.3781,-70.2709,18.77,34,86,2.53,AR,1686167194
126,salahonda,2.1019,-78.7217,27.58,79,96,5.85,CO,1686167194
127,obock,12.25,43.0833,28.46,46,33,6.65,DJ,1686167194
128,praia da vitoria,38.7333,-27.0667,20.14,77,40,9.4,PT,1686167194
129,ebon,4.582,168.6964,28.68,77,86,6.43,MH,1686167194
130,khilok,51.3674,110.4676,8.28,48,100,1.31,RU,1686167194
131,kolonia,50.9333,6.95,20.46,80,0,0.51,DE,1686166953
132,port douglas,-16.4833,145.4667,21.76,83,66,3.54,AU,1686167056
133,new norfolk,-42.7826,147.0587,14.28,88,100,0.89,AU,1686167194
134,kirkuk,35.4681,44.3922,31.18,16,63,3.87,IQ,1686167195
135,lata,40.1629,-8.3327,21.62,91,53,0.63,PT,1686167195
136,hami,42.8,93.45,28.15,15,6,1.49,CN,1686167195
137,ihosy,-22.4,46.1167,17.13,94,71,3.51,MG,1686167195
138,gizo,-8.103,156.8419,27.32,82,53,2.99,SB,1686167195
139,turaif,31.6725,38.6637,27.14,17,0,3.6,SA,1686167195
140,labrador city,52.9463,-66.9114,3.95,100,75,6.69,CA,1686167113
141,mount isa,-20.7333,139.5,12.87,82,27,0.0,AU,1686167196
142,hamilton,39.1834,-84.5333,25.51,41,20,3.6,US,1686167027
143,birao,10.2849,22.7882,26.06,71,98,1.57,CF,1686167196
144,waddan,29.1614,16.139,24.61,44,71,7.57,LY,1686167196
145,luderitz,-26.6481,15.1594,13.9,80,0,4.2,NA,1686167196
146,coihueco,-36.6167,-71.8333,14.41,82,75,4.12,CL,1686167196
147,nabire,-3.3667,135.4833,24.31,91,56,1.25,ID,1686167196
148,ola,59.5833,151.2833,6.76,70,23,1.13,RU,1686167197
149,klaksvik,62.2266,-6.589,9.51,84,100,3.82,FO,1686167197
150,sinabang,2.4803,96.3801,26.49,79,100,1.71,ID,1686167197
151,sabancuy,18.9667,-91.1833,31.34,61,9,4.84,MX,1686167197
152,pandan,14.0453,124.1694,26.7,79,100,2.14,PH,1686167197
153,niceville,30.5169,-86.4822,28.97,69,75,4.63,US,1686167078
154,bardai,11.65,7.2333,23.57,67,100,3.3,NG,1686167197
155,embi,48.8264,58.1442,18.53,45,100,5.97,KZ,1686167198
156,jeddah,21.5169,39.2192,31.92,48,0,2.57,SA,1686167198
157,tazacorte,28.629,-17.9293,22.54,91,40,3.6,ES,1686167198
158,carnarvon,-24.8667,113.6333,16.93,57,0,6.41,AU,1686167198
159,goundam,16.4145,-3.6708,35.25,11,1,3.83,ML,1686167198
160,enewetak,11.3474,162.3373,27.85,79,92,6.58,MH,1686167198
161,bethel,41.3712,-73.414,20.3,47,100,5.14,US,1686167198
162,quang ngai,15.1167,108.8,25.29,90,100,1.67,VN,1686167199
163,hermanus,-34.4187,19.2345,14.33,83,98,4.64,ZA,1686167199
164,atakpame,7.5333,1.1333,22.9,93,66,2.69,TG,1686167199
165,itoman,26.1247,127.6694,26.21,89,20,7.2,JP,1686167199
166,agadez,19.75,10.25,34.75,17,3,2.3,NE,1686167199
167,coronel dorrego,-38.7187,-61.2873,16.1,26,88,3.24,AR,1686167199
168,lompoc,34.6391,-120.4579,19.78,74,74,2.68,US,1686167020
169,antofagasta,-23.65,-70.4,17.6,71,6,2.11,CL,1686167163
170,remire-montjoly,4.9167,-52.2667,28.02,74,75,4.12,GF,1686167123
171,tchaourou,8.8865,2.5975,25.48,79,39,4.13,BJ,1686167200
172,susuman,62.7833,148.1667,11.45,72,100,0.86,RU,1686167200
173,tsiombe,-25.3,45.4833,20.74,93,13,3.6,MG,1686167200
174,yerofey pavlovich,53.9667,121.9667,8.02,97,100,2.23,RU,1686167200
175,manacapuru,-3.2997,-60.6206,29.26,72,98,2.18,BR,1686167200
176,keflavik,64.0049,-22.5624,9.95,100,100,10.29,IS,1686166947
177,ust-tsilma,65.441,52.1498,2.73,73,100,1.58,RU,1686167200
178,vodnyy,63.5046,53.4095,3.16,76,22,1.63,RU,1686167201
179,mejit,10.2753,170.8646,27.71,83,95,7.39,MH,1686167201
180,balezino,57.9796,53.0106,7.62,77,13,1.46,RU,1686167201
181,petropavlovsk-kamchatsky,53.0452,158.6483,6.33,81,20,1.0,RU,1686167124
182,georgetown,5.4112,100.3354,28.96,82,20,1.54,MY,1686167026
183,kapuskasing,49.4169,-82.4331,20.05,30,40,8.23,CA,1686167201
184,muisne,0.6,-80.0333,27.35,82,37,5.32,EC,1686167201
185,alaghsas,17.0187,8.0168,34.27,16,40,3.92,NE,1686167202
186,uturoa,-16.7333,-151.4333,27.18,60,48,8.47,PF,1686167202
187,margaret river,-33.95,115.0667,15.66,78,100,7.18,AU,1686167202
188,mount gambier,-37.8333,140.7667,9.8,96,96,4.08,AU,1686167202
189,nguigmi,14.2495,13.1092,28.63,63,100,3.7,NE,1686167202
190,tomatlan,19.9333,-105.25,31.88,51,30,5.63,MX,1686167202
191,nar'yan-mar,67.6713,53.087,3.08,68,100,3.93,RU,1686167202
192,ust'-ilimsk,58.0006,102.6619,13.11,94,12,1.01,RU,1686167203
193,hawaiian paradise park,19.5933,-154.9731,25.43,83,100,3.09,US,1686167203
194,nelson bay,-32.7167,152.15,13.33,94,0,2.24,AU,1686167203
195,belyy yar,53.6039,91.3903,18.94,59,0,1.0,RU,1686167203
196,dien bien phu,21.3833,103.0167,22.65,100,96,0.69,VN,1686167203
197,sovetskoye,52.2861,85.4131,20.16,50,100,2.14,RU,1686167203
198,kyren,51.6828,102.1408,14.89,72,38,0.82,RU,1686167204
199,anadyr,64.75,177.4833,5.28,86,100,1.0,RU,1686167204
200,mlyniv,50.509,25.6168,12.7,89,100,3.73,UA,1686167204
201,talodi,10.6325,30.3797,27.42,60,42,0.7,SD,1686167204
202,langsa,4.4683,97.9683,24.44,96,100,1.07,ID,1686167204
203,touros,-5.1989,-35.4608,26.81,78,7,5.85,BR,1686167007
204,buala,-8.145,159.5921,26.38,84,100,0.97,SB,1686167205
205,nova sintra,14.8667,-24.7167,22.34,76,6,2.58,CV,1686167205
206,oral,51.2333,51.3667,11.99,58,0,1.0,KZ,1686167205
207,fortuna,40.5982,-124.1573,15.92,94,100,3.6,US,1686167205
208,borogontsy,62.6683,131.1683,11.93,79,2,2.62,RU,1686167205
209,leticia,-4.2153,-69.9406,25.03,94,75,2.06,CO,1686167205
210,palmer,42.1584,-72.3287,18.57,60,100,5.14,US,1686167205
211,oldenburg in holstein,54.3,10.8833,15.16,82,0,0.46,DE,1686167206
212,stettler,52.3168,-112.7186,26.86,36,0,3.6,CA,1686167206
213,kapit,2.0167,112.9333,23.58,99,100,0.55,MY,1686167206
214,fort bragg,35.139,-79.006,29.08,48,40,5.14,US,1686167077
215,ribeira grande,38.5167,-28.7,19.32,68,40,5.81,PT,1686167206
216,san andres,12.5847,-81.7006,32.01,70,20,3.09,CO,1686167206
217,xiongzhou,25.1167,114.3,24.34,97,100,1.21,CN,1686167206
218,kiunga,-6.1219,141.2906,23.52,99,94,0.72,PG,1686167206
219,las tablas,7.7667,-80.2833,29.54,99,100,1.13,PA,1686167044
220,dosso,13.049,3.1937,35.92,31,97,6.51,NE,1686167207
221,sibenik,43.7272,15.9058,22.81,84,3,1.48,HR,1686167207
222,chonchi,-42.6128,-73.8092,8.95,92,100,4.62,CL,1686167207
223,evergreen,39.6333,-105.3172,23.64,44,38,2.24,US,1686167207
224,howrah,22.5892,88.3103,32.0,79,40,4.12,IN,1686167207
225,kazerun,29.6195,51.6541,27.56,30,96,0.98,IR,1686167207
226,chipata,-13.6333,32.65,15.69,58,0,2.49,ZM,1686167207
227,taltal,-25.4,-70.4833,17.28,74,42,1.47,CL,1686167208
228,mossel bay,-34.1831,22.146,10.96,76,84,4.55,ZA,1686167208
229,seka,17.9285,103.9552,24.97,93,100,3.4,TH,1686167208
230,badger,64.8,-147.5333,21.4,48,75,2.57,US,1686167208
231,neiafu,-18.65,-173.9833,24.38,78,75,2.06,TO,1686167208
232,kamina,-8.7386,24.9906,19.98,50,5,1.01,CD,1686167208
233,cestos city,5.46,-9.5828,25.79,87,99,3.85,LR,1686167208
234,rosarito,32.3333,-117.0333,19.24,62,27,4.64,MX,1686166993
235,gilgit,35.9221,74.3087,21.52,45,96,2.51,PK,1686167209
236,east london,-33.0153,27.9116,15.52,77,0,5.14,ZA,1686167209
237,dover,39.1582,-75.5244,25.61,37,40,6.17,US,1686167153
238,imbituba,-28.24,-48.6703,20.54,75,92,1.44,BR,1686167209
239,vorgashor,67.5833,63.95,3.22,76,85,3.9,RU,1686167209
240,weiser,44.251,-116.9693,30.73,36,99,1.34,US,1686167209
241,howard springs,-12.497,131.047,24.95,90,30,2.02,AU,1686167209
242,suhbaatar,50.2314,106.2078,13.77,50,16,1.27,MN,1686167210
243,island harbour,50.724,-1.2758,21.02,79,1,6.5,GB,1686167210
244,lihue,21.9789,-159.3672,26.77,71,20,4.12,US,1686167210
245,portales,34.1862,-103.3344,27.23,39,97,4.07,US,1686167109
246,barranca,-10.75,-77.7667,24.14,72,32,4.53,PE,1686167210
247,vangaindrano,-23.35,47.6,20.45,91,9,0.5,MG,1686167210
248,shingu,33.7333,135.9833,18.22,72,100,1.83,JP,1686167210
249,kangal,39.2335,37.3911,14.56,65,0,1.84,TR,1686167210
250,tam ky,15.5667,108.4833,25.25,92,100,2.08,VN,1686167211
251,tegina,10.0706,6.1906,22.18,85,100,3.42,NG,1686167211
252,ancud,-41.8697,-73.8203,10.52,89,100,9.19,CL,1686167211
253,st. john's,47.5649,-52.7093,12.53,95,100,1.34,CA,1686166989
254,saldanha,-33.0117,17.9442,13.03,92,100,10.76,ZA,1686167211
255,chizhou,30.6578,117.4831,22.6,93,100,1.61,CN,1686167211
256,nyrob,60.733,56.7202,5.65,90,12,0.91,RU,1686167211
257,barletta,41.3118,16.2908,22.11,77,100,1.45,IT,1686167211
258,smithers,54.7804,-127.1743,19.18,30,0,1.54,CA,1686167212
259,coahuayana de hidalgo,18.7,-103.6583,32.79,52,16,4.07,MX,1686167212
260,tralee,52.2704,-9.7026,16.41,75,36,2.85,IE,1686167212
261,santa cruz,-17.8,-63.1667,29.03,61,40,6.69,BO,1686166964
262,cambria,35.5641,-121.0808,19.2,77,61,1.34,US,1686167212
263,laojunmiao,39.8333,97.7333,17.77,17,93,1.02,CN,1686167212
264,tolanaro,-25.0319,46.9987,23.04,88,20,8.23,MG,1686167212
265,kohtla-jarve,59.3986,27.2731,8.88,72,0,1.61,EE,1686167212
266,tabarka,36.9544,8.758,24.36,73,20,1.54,TN,1686167213
267,porto novo,6.4965,2.6036,26.9,84,40,3.91,BJ,1686167213
268,kropyvnytskyi,48.5132,32.2597,18.14,51,100,2.8,UA,1686167213
269,tofol,5.3248,163.0078,28.81,76,87,5.48,FM,1686167213
270,ojinaga,29.5667,-104.4167,34.12,33,0,1.54,MX,1686167213
271,patrasaer,23.2167,87.5167,29.83,73,100,3.8,IN,1686167213
272,wynyard,-41.0,145.7167,12.21,95,100,2.34,AU,1686167213
273,lasam,18.0652,121.6006,24.3,96,40,1.01,PH,1686167213
274,coursan,43.2337,3.0571,22.12,67,100,3.58,FR,1686167214
275,coquimbo,-29.9533,-71.3436,16.85,82,75,4.12,CL,1686167053
276,codrington,-38.2667,141.9667,9.94,93,10,5.27,AU,1686167214
277,yeppoon,-23.1333,150.7333,15.88,89,54,3.71,AU,1686167214
278,usogorsk,63.4106,48.6872,3.04,72,99,1.57,RU,1686167214
279,sogndal,61.2283,7.1003,16.21,58,20,6.17,NO,1686167214
280,salinas,36.6777,-121.6555,19.34,75,100,2.57,US,1686167214
281,sault ste. marie,46.5168,-84.3333,19.16,38,0,7.2,CA,1686166483
282,alamos,27.0167,-108.9333,32.86,29,48,4.22,MX,1686167214
283,dunedin,-45.8742,170.5036,4.89,91,2,0.89,NZ,1686167215
284,antsiranana,-12.2787,49.2917,24.39,77,0,8.41,MG,1686167215
285,bam,29.106,58.357,29.53,27,87,4.11,IR,1686167215
286,utrik,11.2278,169.8474,27.66,82,76,7.17,MH,1686167215
287,limon,10.0,-83.0333,31.7,70,0,4.63,CR,1686167215
288,nadym,65.5333,72.5167,10.57,69,95,4.71,RU,1686167215
289,trinidad,-14.8333,-64.9,31.99,58,20,2.57,BO,1686167215
290,minas de marcona,-15.2119,-75.1103,18.64,61,7,4.0,PE,1686166933
291,richards bay,-28.783,32.0377,21.54,56,0,4.45,ZA,1686167216
292,ginir,7.1333,40.7,15.86,75,24,1.2,ET,1686167216
293,whakatane,-37.9585,176.9854,12.91,70,23,6.06,NZ,1686167216
294,greenville,35.6127,-77.3663,24.09,80,100,0.45,US,1686167216
295,otjiwarongo,-20.4637,16.6477,14.04,37,0,3.26,NA,1686167216
296,atafu village,-8.5421,-172.5159,28.38,73,14,3.09,TK,1686167216
297,betio village,1.358,172.9211,27.02,77,95,3.62,KI,1686167216
298,nuku'alofa,-21.1333,-175.2,20.19,94,100,2.57,TO,1686167217
299,nowy dwor gdanski,54.2131,19.1177,17.87,78,10,1.98,PL,1686167217
300,crane,31.3974,-102.3501,30.28,33,47,2.28,US,1686167217
301,taman',45.2117,36.7161,19.53,70,86,5.29,RU,1686167217
302,talakan,50.3167,130.3667,14.42,84,100,4.71,RU,1686167217
303,laguna,38.421,-121.4238,24.13,57,0,4.63,US,1686167217
304,arraial do cabo,-22.9661,-42.0278,23.98,60,0,8.23,BR,1686167217
305,semnan,35.5729,53.3971,22.93,51,100,7.54,IR,1686167218
306,boende,-0.2167,20.8667,24.34,80,52,0.68,CD,1686167218
307,vilyuchinsk,52.9306,158.4028,7.15,78,18,1.63,RU,1686167218
308,plastun,44.7561,136.2939,11.8,98,100,0.95,RU,1686167218
309,damboa,11.156,12.7576,28.06,58,100,2.8,NG,1686167218
310,chu,43.5983,73.7614,22.43,32,57,5.39,KZ,1686167218
311,bereznik,62.8551,42.7072,4.46,67,29,1.46,RU,1686167218
312,manakara,-22.1333,48.0167,20.77,92,33,1.68,MG,1686167219
313,gamba,-2.65,10.0,22.99,87,100,2.48,GA,1686167219
314,naifaru,5.4444,73.3657,28.84,80,92,7.51,MV,1686167219
315,shenkursk,62.1091,42.896,5.11,66,61,1.99,RU,1686167219
316,tadine,-21.55,167.8833,20.31,67,19,5.24,NC,1686167219
317,al kharj,24.155,47.3346,35.32,17,20,2.84,SA,1686167219
318,gurupa,-1.405,-51.64,26.63,91,100,1.31,BR,1686167219
319,pariaman,-0.619,100.12,25.85,82,100,1.01,ID,1686167219
320,namie,37.4833,141.0,17.62,92,100,1.62,JP,1686167220
321,swan hill,-35.3378,143.5544,12.18,88,56,3.85,AU,1686167220
322,belmonte,-15.8631,-38.8828,24.42,70,12,4.57,BR,1686166996
323,bonthe,7.5264,-12.505,26.55,81,100,2.53,SL,1686167220
324,greenfields,-33.0333,27.8622,15.08,77,0,5.14,ZA,1686167220
325,terra santa,-2.1042,-56.4869,30.87,61,58,1.68,BR,1686167220
326,orchard homes,46.8633,-114.0484,29.95,40,0,2.57,US,1686167220
327,bowen,-20.0167,148.2333,18.09,85,34,2.68,AU,1686167221
328,lorengau,-2.0226,147.2712,27.05,80,84,1.05,PG,1686167221
329,palopo,-2.9996,120.1921,23.08,73,58,1.8,ID,1686167221
330,brevard,28.292,-80.7492,31.13,75,0,6.69,US,1686167221
331,wangaratta,-36.3667,146.3333,15.26,91,100,4.3,AU,1686167221
332,newman,37.3138,-121.0208,24.19,58,90,1.79,US,1686167221
333,mirzapur,25.15,82.5833,33.3,20,2,2.11,IN,1686167222
334,flying fish cove,-10.4217,105.6791,24.82,83,75,6.17,CX,1686167108
335,qamdo,31.1667,97.2333,3.74,56,0,0.38,CN,1686167222
336,ghat,24.9647,10.1728,32.42,17,10,3.86,LY,1686167222
337,daru,-9.0763,143.2092,25.62,89,100,7.37,PG,1686167222
338,namibe,-15.1961,12.1522,18.37,78,5,3.82,AO,1686167222
339,nenjiang,49.1833,125.2167,9.86,92,65,2.41,CN,1686167223
340,yeniseysk,58.4497,92.1703,18.34,75,50,2.35,RU,1686167223
341,debre werk',10.6667,38.1667,16.54,68,94,1.4,ET,1686167223
342,argo,37.6333,22.7333,22.66,69,94,0.37,GR,1686167223
343,alice springs,-23.7,133.8833,10.75,100,0,2.06,AU,1686167223
344,malvan,16.0667,73.4667,28.63,84,58,3.46,IN,1686167223
345,trincomalee,8.5711,81.2335,28.05,76,100,10.14,LK,1686167223
346,mariental,-24.6333,17.9667,16.05,17,0,4.57,NA,1686167224
347,sisimiut,66.9395,-53.6735,0.35,68,100,2.75,GL,1686167224
348,acarau,-2.8856,-40.12,27.32,80,2,5.78,BR,1686167224
349,horta,38.5333,-28.6333,18.9,74,40,5.81,PT,1686167224
350,saanen,46.4896,7.2596,20.43,85,8,1.52,CH,1686167224
351,saijo,33.9167,133.1833,18.6,63,100,0.7,JP,1686167224
352,westport,41.1415,-73.3579,20.96,42,100,4.63,US,1686167108
353,frontera,26.9333,-101.45,32.96,46,75,1.79,MX,1686167224
354,tazovsky,67.4667,78.7,6.3,76,58,3.5,RU,1686167225
355,jinchang,38.4953,102.1739,20.23,21,55,2.74,CN,1686167225
356,dwarka,22.2394,68.9678,28.51,84,16,7.3,IN,1686167225
357,sharkan,57.2989,53.8712,7.82,80,9,2.39,RU,1686167225
358,al jawf,29.5,38.75,28.66,18,0,1.97,SA,1686167225
359,bengkulu,-3.8004,102.2655,24.21,91,68,2.52,ID,1686167225
360,villa hidalgo,21.6667,-102.6,28.3,15,3,3.6,MX,1686167226
361,koster,-25.863,26.8976,13.26,60,5,2.41,ZA,1686167226
362,katsuren-haebaru,26.3369,127.8719,26.21,94,0,3.09,JP,1686167226
363,kavaratti,10.5669,72.642,30.19,74,95,5.88,IN,1686167226
364,bikenibeu village,1.3673,173.1241,26.98,89,75,3.6,KI,1686167226
365,san pedro,14.35,121.0167,26.81,91,75,1.54,PH,1686167043
366,karratha,-20.7377,116.8463,17.86,62,6,4.26,AU,1686167227
367,benguela,-12.5763,13.4055,21.02,88,75,0.74,AO,1686167041
368,ghadamis,30.1337,9.5007,28.78,25,100,4.51,LY,1686167227
369,ha'il,27.5219,41.6907,31.01,23,0,2.06,SA,1686167173
370,chadron,42.8294,-102.9999,29.98,35,20,3.09,US,1686167227
371,broome,42.2506,-75.833,18.81,42,100,7.2,US,1686167227
372,la punta,-33.1837,-66.3127,20.51,52,100,3.69,AR,1686167227
373,ardakan,32.31,54.0175,27.31,35,100,2.04,IR,1686167227
374,arzgir,45.3728,44.2206,17.52,64,37,2.59,RU,1686167228
375,kuching,1.55,110.3333,25.12,94,40,1.03,MY,1686167228
376,fu'an,27.0892,119.6453,24.88,99,100,0.51,CN,1686167228
377,margate,51.3813,1.3862,12.95,82,0,4.92,GB,1686166931
378,nanticoke,41.2054,-76.0049,21.58,41,6,4.99,US,1686167228
379,eyl,7.9803,49.8164,26.97,80,100,10.78,SO,1686167228
380,polyarnyy,69.1989,33.4478,5.68,70,100,0.85,RU,1686167228
381,sydney,-33.8679,151.2073,13.53,89,0,1.54,AU,1686167009
382,bantva,21.4864,70.0689,28.49,79,11,5.03,IN,1686167229
383,carbonear,47.7332,-53.2148,12.78,93,100,3.29,CA,1686167229
384,tari,12.4086,4.4914,34.04,38,24,3.97,NG,1686167229
385,ar ruways,24.1103,52.7306,30.45,53,0,1.22,AE,1686167229
386,ulladulla,-35.35,150.4667,12.09,87,82,3.88,AU,1686167229
387,galliano,29.4422,-90.2992,31.67,55,40,0.0,US,1686167229
388,nadi,-17.8,177.4167,21.0,88,100,2.57,FJ,1686167229
389,twon-brass,4.3151,6.2418,26.73,82,99,5.94,NG,1686167230
390,guerrero,17.6667,-100.0,31.98,35,68,1.29,MX,1686167230
391,san julian,21.0167,-102.1667,30.71,15,3,4.16,MX,1686167230
392,vila velha,-20.3297,-40.2925,24.97,85,0,3.6,BR,1686167230
393,champerico,14.3,-91.9167,33.3,62,100,3.86,GT,1686167230
394,tura,25.5198,90.2201,26.72,69,84,2.96,IN,1686167230
395,ouargla,31.9493,5.325,33.04,22,0,3.09,DZ,1686167230
396,cartagena del chaira,1.3349,-74.8429,30.42,56,19,1.42,CO,1686167231
397,nogliki,51.8333,143.1667,3.56,94,40,2.43,RU,1686167231
398,gunjur,13.2019,-16.7339,30.04,70,0,4.12,GM,1686167231
399,sikasso,10.9167,-7.0,32.41,37,100,0.99,ML,1686167231
400,tsurusaki,33.24,131.6844,18.57,86,100,0.79,JP,1686167231
401,yaren,-0.5472,166.916,28.39,77,90,3.66,NR,1686167231
402,palikir - national government center,6.9248,158.1611,28.17,75,88,3.73,FM,1686167231
403,saint augustine beach,29.8505,-81.2654,26.0,78,75,10.8,US,1686167232
404,ljusdal,61.8288,16.0913,12.97,59,97,1.17,SE,1686167232
405,sorong,-0.8833,131.25,25.55,89,100,2.76,ID,1686167232
406,duliagaon,27.3667,95.3167,27.93,55,14,0.83,IN,1686167232
407,puerto madryn,-42.7692,-65.0385,16.45,34,100,8.66,AR,1686167232
408,swellendam,-34.0226,20.4417,14.31,76,100,3.71,ZA,1686167232
409,oliver,49.1831,-119.5524,25.95,25,65,1.54,CA,1686167232
410,argostolion,38.1811,20.489,22.04,83,0,0.0,GR,1686167233
411,al artawiyah,26.5053,45.3444,31.59,21,2,4.73,SA,1686167233
412,chinde,26.8418,88.0763,21.94,48,42,2.05,NP,1686167233
413,kapa'a,22.0752,-159.319,27.18,77,20,4.12,US,1686167233
414,suntar,62.1444,117.6319,8.22,58,100,1.46,RU,1686167233
415,bandarbeyla,9.4942,50.8122,26.72,84,100,10.97,SO,1686167233
416,khamis mushait,18.3064,42.7292,24.34,35,0,0.0,SA,1686167233
417,guerrero negro,27.9769,-114.0611,20.09,53,30,7.79,MX,1686167234
418,gebeit,21.0667,36.3167,31.98,20,100,2.93,SD,1686167234
419,kingston,17.997,-76.7936,31.8,72,20,9.77,JM,1686167070
420,ostroda,53.6967,19.9649,16.01,73,1,2.95,PL,1686167234
421,kuqa,41.7278,82.9364,26.48,14,97,1.37,CN,1686167234
422,al khawr,25.7667,51.3167,33.24,28,0,2.79,QA,1686167234
423,ornskoldsvik,63.2909,18.7153,11.53,66,97,2.06,SE,1686167234
424,alappuzha,9.49,76.3264,26.71,81,93,2.22,IN,1686167235
425,luau,-10.7073,22.2247,20.97,35,10,0.62,AO,1686167235
426,kudahuvadhoo,2.6708,72.8944,27.93,79,100,3.98,MV,1686167235
427,cockburn town,21.4612,-71.1419,28.05,85,100,7.31,TC,1686167235
428,barakani,-12.1356,44.4317,26.08,77,28,1.28,KM,1686167235
429,sar-e pul,35.8333,66.1667,20.3,16,0,2.96,AF,1686167235
430,taglio di po,45.0047,12.2042,20.61,83,33,2.39,IT,1686167235
431,mettur,11.8,77.8,27.08,75,100,0.91,IN,1686167236
432,bocanda,7.0626,-4.4995,23.59,97,93,2.62,CI,1686167236
433,viet tri,21.3019,105.4308,27.97,85,100,1.21,VN,1686167236
434,chandler,33.3062,-111.8412,34.48,14,0,5.14,US,1686166718
435,hotan,37.0997,79.9269,22.56,28,99,3.05,CN,1686167236
436,pochaiv,50.0051,25.5118,12.12,90,100,3.13,UA,1686167236
437,hammerfest,70.6634,23.6821,4.25,75,75,2.57,NO,1686167236
438,bahia de kino,28.8333,-111.9333,33.84,41,16,4.99,MX,1686167236
439,peace river,56.2501,-117.286,21.17,32,0,4.63,CA,1686167237
440,viedma,-40.8135,-62.9967,14.85,24,100,7.39,AR,1686167237
441,eatonton,33.3268,-83.3885,34.08,56,64,4.46,US,1686167237
442,hadibu,12.65,54.0333,29.23,77,100,4.74,YE,1686167237
443,puerto baquerizo moreno,-0.9,-89.6,28.55,74,75,4.12,EC,1686167237
444,mil'kovo,55.6078,37.7956,15.73,82,69,1.09,RU,1686167237
445,sarmanovo,55.2553,52.5891,12.38,81,43,1.97,RU,1686167238
446,luorong,24.4058,109.6086,25.01,92,91,0.98,CN,1686167238
447,ouesso,1.6136,16.0517,22.7,92,49,1.09,CG,1686167238
448,belomorsk,64.5232,34.7668,6.04,63,25,3.27,RU,1686167238
449,kirakira,-10.4544,161.9205,25.74,86,19,2.62,SB,1686167238
450,castillos,-34.1667,-53.8333,16.03,83,100,1.74,UY,1686167238
451,port lincoln,-34.7333,135.8667,14.03,69,10,9.24,AU,1686167238
452,kuala belait,4.5833,114.1833,27.09,85,97,1.62,BN,1686167239
453,carnot,4.9409,15.8665,21.73,95,100,0.56,CF,1686167239
454,port alfred,-33.5906,26.891,14.54,92,2,1.34,ZA,1686167239
455,shillong,25.5689,91.8831,19.78,74,92,1.25,IN,1686167239
456,cabo san lucas,22.8909,-109.9124,31.45,53,0,9.26,MX,1686166990
457,sabang,5.8933,95.3214,28.28,76,96,8.11,ID,1686167239
458,byford,-32.2167,116.0,12.7,91,75,0.51,AU,1686167239
459,mount pearl,47.5166,-52.7813,12.07,95,100,1.03,CA,1686167239
460,kerikeri,-35.2268,173.9474,11.06,84,70,0.89,NZ,1686167240
461,afif,23.9065,42.9172,32.42,14,93,3.16,SA,1686167240
462,aceuchal,38.6712,-6.4963,25.03,55,100,5.09,ES,1686167240
463,ceeldheer,3.8488,47.1806,26.32,82,94,7.64,SO,1686167240
464,khandyga,62.6667,135.6,13.48,77,100,1.46,RU,1686167240
465,sao gabriel da cachoeira,-0.1303,-67.0892,30.89,74,40,1.54,BR,1686167240
466,east ballina,-28.8667,153.5833,11.56,85,35,2.25,AU,1686167241
467,livingston,55.9029,-3.5226,13.25,76,20,4.63,GB,1686167241
468,greymouth,-42.4667,171.2,4.05,81,0,2.62,NZ,1686167241
469,i-n-salah,27.1935,2.4607,34.52,17,4,6.62,DZ,1686167241
470,bandon,51.7469,-8.7425,14.77,82,34,3.76,IE,1686167241
471,pingliang,35.5392,106.6861,17.32,34,30,2.98,CN,1686167241
472,banapur,19.7833,85.1833,31.1,56,100,3.33,IN,1686167242
473,sao jose da coroa grande,-8.8978,-35.1478,25.25,85,4,3.4,BR,1686167242
474,beau vallon,-20.4189,57.6953,25.13,65,40,3.09,MU,1686167242
475,sao joao da barra,-21.6403,-41.0511,28.05,71,1,4.58,BR,1686167242
476,antonio enes,-16.2325,39.9086,24.1,70,0,3.14,MZ,1686167242
477,arno,60.1167,18.6333,10.44,68,4,4.44,SE,1686167242
478,srandakan,-7.9386,110.2506,24.37,91,66,3.54,ID,1686167242
479,coari,-4.085,-63.1414,29.43,71,93,0.75,BR,1686167243
480,vargashi,55.3556,65.8467,12.3,90,58,5.31,RU,1686167243
481,kasongo-lunda,-6.4667,16.8167,23.85,69,59,0.41,CD,1686167243
482,piacabucu,-10.4056,-36.4344,25.02,86,70,3.54,BR,1686167243
483,oltinko'l,40.8011,72.1634,25.93,28,37,3.45,UZ,1686167243
484,sao paulo de olivenca,-3.3783,-68.8725,28.82,80,77,0.24,BR,1686167243
485,walvis bay,-22.9575,14.5053,13.94,88,0,1.54,NA,1686167243
486,sokcho,38.2083,128.5911,24.34,46,100,5.14,KR,1686167243
487,vryburg,-26.9566,24.7284,15.72,20,4,3.81,ZA,1686167244
488,nuuk,64.1835,-51.7216,2.34,69,75,5.14,GL,1686167244
489,zdvinsk,54.7021,78.661,18.85,65,85,2.61,RU,1686167244
490,wakkanai,45.4094,141.6739,12.35,98,100,3.61,JP,1686167244
491,taro,-8.3862,115.28,21.03,97,76,0.61,ID,1686167244
492,sarangani,5.4033,125.4636,28.38,74,100,3.62,PH,1686167245
493,linqiong,30.4159,103.4609,22.9,66,100,3.26,CN,1686167245
494,el calafate,-50.3408,-72.2768,1.15,85,88,2.46,AR,1686167245
495,kitee,62.1,30.15,7.66,71,22,2.04,FI,1686167245
496,tamanrasset,22.785,5.5228,32.95,10,40,3.09,DZ,1686167245
497,nova vicosa,-17.8919,-39.3719,23.28,72,34,3.15,BR,1686167245
498,nova olimpia,-14.7972,-57.2881,30.73,41,45,1.48,BR,1686167245
499,dryden,49.7833,-92.7503,20.16,37,100,4.63,CA,1686167246
500,correntina,-13.3433,-44.6367,29.68,31,22,2.19,BR,1686167246
501,kampene,-3.6,26.6667,22.21,72,7,0.82,CD,1686167247
502,buena vista,43.4203,-83.8986,22.51,37,0,7.2,US,1686167247
503,menongue,-14.6585,17.691,15.39,36,1,1.78,AO,1686167247
504,alpena,45.0617,-83.4327,21.18,37,75,5.66,US,1686167247
505,puerto aysen,-45.4,-72.7,7.02,93,100,0.0,CL,1686167248
506,khanty-mansiysk,61.0042,69.0019,12.06,100,75,2.0,RU,1686167248
507,woodland park,40.8898,-74.1949,20.47,35,100,5.66,US,1686167248
508,paradip garh,20.3167,86.6167,29.69,75,100,2.76,IN,1686167248
509,pauini,-7.7136,-66.9764,27.04,91,100,0.51,BR,1686167248
510,shahrak,34.1074,64.3052,13.02,25,0,1.41,AF,1686167248
511,toliara,-23.35,43.6667,22.71,51,0,3.51,MG,1686167248
512,cururupu,-1.8283,-44.8683,27.54,77,56,2.49,BR,1686167249
513,aomori,40.8244,140.74,15.29,98,0,1.8,JP,1686167249
514,puerto armuelles,8.2833,-82.8667,30.99,77,100,0.45,PA,1686167249
515,katsuura,35.1333,140.3,20.12,82,100,1.11,JP,1686167249
516,wau,7.7029,27.9953,26.55,61,14,1.9,SS,1686167249
517,tambacounda,13.7539,-13.7586,42.03,17,0,2.06,SN,1686167249
518,neftcala,39.3742,49.2472,20.63,70,62,7.96,AZ,1686167249
519,siwa oasis,29.2041,25.5195,32.11,24,81,5.15,EG,1686167250
520,pahrump,36.2083,-115.9839,23.61,33,95,2.68,US,1686167250
521,pitkyaranta,61.5734,31.4792,6.77,82,30,2.28,RU,1686167250
522,rakops,-21.0167,24.3333,21.14,25,0,3.3,BW,1686167250
523,rehoboth,-23.3167,17.0833,14.77,28,0,3.73,NA,1686167250
524,pueblo nuevo,23.3833,-105.3833,25.81,33,2,4.45,MX,1686167250
525,cleveland,41.4995,-81.6954,22.95,32,0,5.66,US,1686167057
526,as pontes de garcia rodriguez,43.4527,-7.8518,19.12,99,100,1.15,ES,1686167251
527,chichiriviche,10.9333,-68.2772,29.74,72,25,6.39,VE,1686167251
528,reggane,26.7158,0.1714,36.69,14,0,4.3,DZ,1686167251
529,taiyuan,37.8694,112.5603,14.92,72,0,1.0,CN,1686167251
530,machico,32.7,-16.7667,22.35,85,40,7.2,PT,1686167251
531,gowurdak,37.8124,66.0466,31.07,11,95,3.47,TM,1686167251
532,el abiodh sidi cheikh,32.893,0.5484,30.08,22,16,4.73,DZ,1686167251
533,hirara,24.8,125.2833,25.92,94,40,4.12,JP,1686167252
534,n'djamena,12.1067,15.0444,27.98,69,0,2.06,TD,1686167252
535,nikolayevsk-on-amure,53.1406,140.73,10.35,75,8,1.73,RU,1686167252
536,seosan,36.7817,126.4522,17.05,93,100,4.38,KR,1686167252
537,dawson creek,55.7666,-120.2362,21.8,26,0,4.63,CA,1686167252
538,ulan bator,47.9077,106.8832,11.07,46,40,0.0,MN,1686167252
539,zeribet el oued,34.6828,6.5111,29.92,37,100,3.21,DZ,1686167253
540,bharatpur,27.2167,77.4833,33.76,21,0,1.49,IN,1686167253
541,homer,59.6425,-151.5483,11.54,79,100,2.06,US,1686167253
542,mezhdurechensk,53.6942,88.0603,18.53,79,3,1.27,RU,1686167253
543,amursk,50.2261,136.8994,12.16,95,29,1.86,RU,1686167253
544,santa ana,33.7456,-117.8678,23.09,63,75,5.66,US,1686167253
545,shahrud,36.4182,54.9763,20.81,59,100,5.52,IR,1686167253
546,al hazm,16.1641,44.7769,30.89,16,67,1.02,YE,1686167253
547,al qusayr,34.5091,36.5798,22.6,55,0,0.41,SY,1686167254
548,mulanje,-16.0316,35.5,19.16,60,0,2.46,MW,1686167254
549,cangucu,-31.395,-52.6756,23.56,82,95,1.51,BR,1686167254
550,vicuna,-30.0319,-70.7081,27.09,32,58,2.57,CL,1686167218
551,saurimo,-9.6608,20.3916,21.97,41,23,1.2,AO,1686167254
552,guadalupe,25.6833,-100.25,32.42,55,40,2.57,MX,1686167193
553,wotho,10.1657,166.0102,28.1,80,75,8.02,MH,1686167254
554,leava,-14.3,-178.1667,27.51,72,97,2.63,WF,1686167254
555,kiama,-34.6833,150.8667,15.32,84,58,3.13,AU,1686167255
556,waterloo,43.4668,-80.5164,20.96,32,0,6.69,CA,1686167088
557,alta,69.9689,23.2717,7.59,57,75,3.6,NO,1686167255
558,rongelap,11.1635,166.8941,27.71,82,96,7.85,MH,1686167255
559,huanuni,-18.2667,-66.85,12.27,9,0,2.8,BO,1686167255
560,xiaoweizhai,26.1903,107.5125,21.27,96,82,1.12,CN,1686167255
561,santa ana de yacuma,-13.75,-65.4333,31.97,58,75,2.57,BO,1686167255
562,solnechnyy,50.7214,136.6319,12.3,96,69,1.52,RU,1686167255
563,awjilah,29.1081,21.2869,29.88,24,68,5.2,LY,1686167256
564,hengchun,22.0042,120.7439,27.46,78,82,4.01,TW,1686167256
565,floro,61.5996,5.0328,14.02,76,20,8.75,NO,1686167256
